{
  "query": "Please design a travel plan departing from Las Vegas and heading to Stockton for 3 days, from March 3rd to March 5th, 2022, for one person, with a budget of $1,400.",
  "parsed": {
    "origin": "Las Vegas",
    "destination": "Stockton",
    "start_date": "2022-03-03",
    "duration_days": 3,
    "budget": 1400,
    "visiting_city_number": null,
    "must_visit_cities": [],
    "priority_cities": [],
    "fixed_city_order": null,
    "transport_allow": null,
    "transport_forbid": null,
    "preferences": [],
    "people_number": 1
  },
  "goal": "Trip from Las Vegas to Stockton; start date: 2022-03-03; duration: 3 day(s); budget: $1400; people: 1; city count target: 1; preferences: None; must cities: Stockton; priority cities: None",
  "actions": [
    "move:seg0:flight:F1350823 Las Vegas->Stockton $72 12:48-14:00",
    "move:seg1:flight:F3576817 Stockton->Las Vegas $72 23:30-00:41",
    "stay:Stockton:984 GREENPOINT OASIS Entire home/apt $170",
    "eat:d1:breakfast:166 Biaggi's Ristorante Italiano French, Bakery, Cafe, Seafood $20 rating 4.1",
    "eat:d1:lunch:106 Choo Choo Eastside Tea, Chinese, Bakery $40 rating 3.9",
    "eat:d1:dinner:1272 Dimsum & Co. Chinese, Bakery, BBQ, Seafood $40 rating 3.9",
    "eat:d2:breakfast:9205 Wok On Fire Desserts, Tea, Italian, BBQ, Fast Food, Chinese $26 rating 3.7",
    "eat:d2:lunch:3751 Mainland China Tea, BBQ, Mediterranean $38 rating 3.7",
    "eat:d2:dinner:408 Sushi Family Bakery, Pizza, Cafe $72 rating 3.6",
    "eat:d3:breakfast:3420 Muffins Seafood, Desserts, Italian $26 rating 3.5",
    "eat:d3:lunch:1760 Konetto Pizza Pizza, BBQ, Mediterranean $47 rating 3.5",
    "eat:d3:dinner:2557 Hotel Radhakrishna Desserts, Italian, Bakery, Fast Food, Seafood $63 rating 3.5",
    "visit:d1:spot:2882 Children's Museum, Stockton @ Stockton",
    "visit:d2:spot:2883 Haggin Museum @ Stockton",
    "visit:d3:spot:2884 Louis Park @ Stockton"
  ],
  "success": true,
  "cost": 830.0,
  "violations": [],
  "structured_plan": {
    "destination_cities": [
      "Stockton"
    ],
    "transportation_dates": [
      "2022-03-03",
      "2022-03-04"
    ],
    "transportation_methods": [
      "Flight F1350823, from Las Vegas to Stockton, Departure Time: 12:48, Arrival Time: 14:00, cost: 72.0",
      "Flight F3576817, from Stockton to Las Vegas, Departure Time: 23:30, Arrival Time: 00:41, cost: 72.0"
    ],
    "restaurants": [
      "Biaggi's Ristorante Italiano, Stockton",
      "Choo Choo Eastside, Stockton",
      "Dimsum & Co., Stockton",
      "Wok On Fire, Stockton",
      "Mainland China, Stockton",
      "Sushi Family, Stockton",
      "Muffins, Stockton",
      "Konetto Pizza, Stockton",
      "Hotel Radhakrishna, Stockton"
    ],
    "attractions": [
      "Children's Museum, Stockton, Stockton",
      "Haggin Museum, Stockton",
      "Louis Park, Stockton"
    ],
    "accommodations": [
      "GREENPOINT OASIS, Stockton"
    ]
  },
  "diagnostics": {
    "destination_state": "California",
    "origin_state": "Nevada",
    "state_city_pool": [
      "San Diego",
      "Redding",
      "Sacramento",
      "Fresno",
      "San Luis Obispo",
      "Oakland",
      "Santa Barbara",
      "Stockton",
      "Santa Rosa",
      "Bakersfield",
      "Santa Ana",
      "Santa Maria",
      "San Jose",
      "Burbank",
      "Arcata",
      "Butte",
      "Palm Springs",
      "Los Angeles",
      "Long Beach",
      "San Francisco",
      "Monterey"
    ],
    "candidate_cities": [
      "Stockton",
      "San Diego",
      "Redding",
      "Sacramento",
      "Fresno",
      "San Luis Obispo",
      "Oakland",
      "Santa Barbara",
      "Santa Rosa",
      "Bakersfield",
      "Santa Ana",
      "Santa Maria",
      "San Jose",
      "Burbank",
      "Arcata",
      "Butte",
      "Palm Springs",
      "Los Angeles",
      "Long Beach",
      "San Francisco",
      "Monterey",
      "Las Vegas",
      "Phoenix",
      "Pellston",
      "Buffalo",
      "Charlotte Amalie",
      "Flagstaff",
      "Evansville",
      "Hilo",
      "Twin Falls",
      "Newark",
      "State College",
      "Johnstown",
      "Montgomery",
      "Lynchburg",
      "South Bend",
      "Sarasota",
      "Sioux Falls",
      "Paducah",
      "Kahului",
      "Atlantic City",
      "Bemidji",
      "Toledo",
      "Abilene",
      "Amarillo",
      "Moline",
      "Hilton Head",
      "Manhattan",
      "Minneapolis",
      "Fort Myers",
      "Roswell",
      "Harlingen",
      "Seattle",
      "Manchester",
      "Gulfport",
      "Gainesville",
      "Pago Pago",
      "Wrangell",
      "Augusta",
      "Waterloo",
      "Yuma",
      "Saipan",
      "Christiansted",
      "North Bend",
      "Richmond",
      "Albuquerque",
      "Nashville",
      "Aberdeen",
      "Harrisburg",
      "Fort Wayne",
      "Green Bay",
      "Wenatchee",
      "Santa Fe",
      "St. Petersburg",
      "Belleville",
      "Greensboro",
      "Lake Charles",
      "Traverse City",
      "Erie",
      "Niagara Falls",
      "Pocatello",
      "Idaho Falls",
      "Alpena",
      "Wilmington",
      "Ontario",
      "Iron Mountain",
      "Lubbock",
      "Helena",
      "Kalamazoo",
      "Cleveland",
      "Grand Island",
      "New Bern",
      "Melbourne",
      "Bristol",
      "Orlando",
      "Bismarck",
      "Billings",
      "Daytona Beach",
      "College Station",
      "Jacksonville"
    ],
    "must_city_states": {
      "Stockton": "California"
    },
    "priority_city_states": {},
    "candidate_city_states": {
      "Stockton": "California",
      "San Diego": "California",
      "Redding": "California",
      "Sacramento": "California",
      "Fresno": "California",
      "San Luis Obispo": "California",
      "Oakland": "California",
      "Santa Barbara": "California",
      "Santa Rosa": "California",
      "Bakersfield": "California",
      "Santa Ana": "California",
      "Santa Maria": "California",
      "San Jose": "California",
      "Burbank": "California",
      "Arcata": "California",
      "Butte": "California",
      "Palm Springs": "California",
      "Los Angeles": "California",
      "Long Beach": "California",
      "San Francisco": "California",
      "Monterey": "California",
      "Las Vegas": "Nevada",
      "Phoenix": "Arizona",
      "Pellston": "Michigan",
      "Buffalo": "New York",
      "Charlotte Amalie": "St. Thomas",
      "Flagstaff": "Arizona",
      "Evansville": "Indiana",
      "Hilo": "Hawaii",
      "Twin Falls": "Idaho",
      "Newark": "New Jersey",
      "State College": "Pennsylvania",
      "Johnstown": "Pennsylvania",
      "Montgomery": "Alabama",
      "Lynchburg": "Virginia",
      "South Bend": "Indiana",
      "Sarasota": "Florida",
      "Sioux Falls": "South Dakota",
      "Paducah": "Kentucky",
      "Kahului": "Hawaii",
      "Atlantic City": "New Jersey",
      "Bemidji": "Minnesota",
      "Toledo": "Ohio",
      "Abilene": "Texas",
      "Amarillo": "Texas",
      "Moline": "Illinois",
      "Hilton Head": "South Carolina",
      "Manhattan": "New York",
      "Minneapolis": "Minnesota",
      "Fort Myers": "Florida",
      "Roswell": "New Mexico",
      "Harlingen": "Texas",
      "Seattle": "Washington",
      "Manchester": "England",
      "Gulfport": "Mississippi",
      "Gainesville": "Florida",
      "Pago Pago": "Eastern District",
      "Wrangell": "Alaska",
      "Augusta": "Georgia",
      "Waterloo": "Wallonia",
      "Yuma": "Arizona",
      "Saipan": "Saipan",
      "Christiansted": "St. Croix",
      "North Bend": "Oregon",
      "Richmond": "Virginia",
      "Albuquerque": "New Mexico",
      "Nashville": "Tennessee",
      "Aberdeen": "Scotland",
      "Harrisburg": "Pennsylvania",
      "Fort Wayne": "Indiana",
      "Green Bay": "Wisconsin",
      "Wenatchee": "Washington",
      "Santa Fe": "New Mexico",
      "St. Petersburg": "Saint Petersburg",
      "Belleville": "Illinois",
      "Greensboro": "North Carolina",
      "Lake Charles": "Louisiana",
      "Traverse City": "Michigan",
      "Erie": "Pennsylvania",
      "Niagara Falls": "New York",
      "Pocatello": "Idaho",
      "Idaho Falls": "Idaho",
      "Alpena": "Michigan",
      "Wilmington": "North Carolina",
      "Ontario": "Ontario",
      "Iron Mountain": "Michigan",
      "Lubbock": "Texas",
      "Helena": "Montana",
      "Kalamazoo": "Michigan",
      "Cleveland": "Ohio",
      "Grand Island": "Nebraska",
      "New Bern": "North Carolina",
      "Melbourne": "Victoria",
      "Bristol": "Tennessee",
      "Orlando": "Florida",
      "Bismarck": "North Dakota",
      "Billings": "Montana",
      "Daytona Beach": "Florida",
      "College Station": "Texas",
      "Jacksonville": "Florida"
    }
  }
}